conta_sinqia,conta_matera
11230000010000,499920000101010
11230000020006,112300000101001
11230000030001,499920000101010
11230000040007,112300000101002
11230000050002,499920000101010
12110030010003,121100110101001
12110030020009,121100110101002
12110030030004,121100110101002
12110050010009,121100110102001
12110050020004,121100110102002
12110050030000,121100110102002
12110070010004,121100110103001
12110070020000,121100110103002
12110070030005,121100110103002
12110070040000,499920000101010
12110070050006,499920000101010
12110990010006,499920000101010
12120030010000,499920000101010
12120030020006,499920000101010
12120050010006,499920000101010
12120050020001,499920000101010
12120050030007,499920000101010
12120070010001,499920000101010
12120070020007,499920000101010
12120070030002,499920000101010
12120070040008,499920000101010
12120070050003,499920000101010
12210200010005,499920000101010
12210200020000,122100110001001
12210200030006,499920000101010
12210250010009,499920000101010
12210250020004,499920000101010
12210250030000,499920000101010
13110030010009,499920000101010
13110030020004,499920000101010
13110030030000,131100110101001
13110030040005,131100110101002
13110050010004,499920000101010
13110050020000,499920000101010
13110050030005,499920000101010
13110050040000,499920000101010
13110050050006,499920000101010
13110050060001,499920000101010
13110100010002,499920000101010
13110100020008,499920000101010
13110100030003,499920000101010
13110100040009,499920000101010
13110100050004,499920000101010
13110100060000,499920000101010
13110100070005,499920000101010
13110100080000,499920000101010
13110100090006,499920000101010
13110100100001,499920000101010
13110250010008,499920000101010
13110250020003,499920000101010
13110250030009,499920000101010
13110250040004,499920000101010
13110250050000,499920000101010
13110250060005,499920000101010
13110250070000,499920000101010
13110250080006,499920000101010
13110350010000,499920000101010
13110350020005,499920000101010
13110350030000,499920000101010
13110350040006,499920000101010
13110350050001,499920000101010
13110450010001,499920000101010
13110450020007,499920000101010
13110450030002,499920000101010
13110450040008,499920000101010
13110450050003,499920000101010
13110990010001,499920000101010
13110990020007,499920000101010
13110990030002,499920000101010
13110990040008,499920000101010
13110990050003,499920000101010
13110990060009,499920000101010
13110990070004,499920000101010
13110990080000,499920000101010
13110990090005,499920000101010
13110990100000,499920000101010
13210030010005,499920000101010
13210030020000,499920000101010
13210030030006,499920000101010
13210030040001,499920000101010
13210050010000,499920000101010
13210050020006,499920000101010
13210050030001,499920000101010
13210050040007,499920000101010
13210050050002,499920000101010
13210050060008,499920000101010
13210070010006,499920000101010
13210070020001,499920000101010
13210070030007,499920000101010
13210070040002,499920000101010
13210070050008,499920000101010
13210070060003,499920000101010
13210070070009,499920000101010
13210070080004,499920000101010
13210070090000,499920000101010
13210070100005,499920000101010
13315100010006,133150000101001
13315100020001,133150000101001
13315100030007,499920000101010
13315100040002,499920000101010
13315100050008,499920000101010
13315100060003,499920000101010
13330400010005,499920000101010
13330400020000,499920000101010
13330400030006,499920000101010
13330400040001,499920000101010
13330400050007,499920000101010
13330400060002,499920000101010
13330400070008,499920000101010
13330400080003,499920000101010
13335400010006,499920000101010
13335400020001,499920000101010
13335400030007,499920000101010
13335400040002,499920000101010
13335400050008,499920000101010
13335400060003,499920000101010
13385130010005,499920000101010
13385130020000,499920000101010
13410020010005,134100110101001
13410020020000,134100110101001
13410020030006,499920000101010
13410040010000,499920000101010
13410040020006,499920000101010
15240000010000,499920000101010
16120101001000,499920000101010
16120101002007,499920000101010
16120101003003,499920000101010
16120101031007,499920000101010
16120101032003,499920000101010
16120101033000,499920000101010
16120101034006,499920000101010
16120101061003,499920000101010
16120101062000,499920000101010
16120102001004,499920000101010
16120102002000,499920000101010
16120102003007,499920000101010
16120102031000,499920000101010
16120102032007,499920000101010
16120102033003,499920000101010
16120102034000,499920000101010
16120102061007,499920000101010
16120102062003,499920000101010
16120400010001,162100110101001
16120400020007,162100110101003
16120400030002,162100110101002
16120400040008,499920000101010
16120400050003,499920000101010
16120400060009,499920000101010
16120400070004,499920000101010
16120400080000,499920000101010
16120400090005,499920000101010
16120402001000,499920000101010
16120402002006,499920000101010
16120402003002,499920000101010
16120402031006,499920000101010
16120402032002,499920000101010
16120402033009,499920000101010
16120402034005,499920000101010
16120402061002,499920000101010
16120402062009,499920000101010
16120403001003,499920000101010
16120403002000,499920000101010
16120403003006,499920000101010
16120403031000,499920000101010
16120403032006,499920000101010
16120403033002,499920000101010
16120403034009,499920000101010
16120403061006,499920000101010
16120403062002,499920000101010
16120600010005,499920000101010
16120600020000,499920000101010
16120600030006,499920000101010
16120600040001,499920000101010
16120600050007,499920000101010
16120600060002,499920000101010
16120600070008,499920000101010
16120600080003,499920000101010
16120600090009,499920000101010
16120602001003,499920000101010
16120602002000,499920000101010
16120602003006,499920000101010
16120602031000,499920000101010
16120602032006,499920000101010
16120602033002,499920000101010
16120602034009,499920000101010
16120602061006,499920000101010
16120602062002,499920000101010
16120603001007,499920000101010
16120603002003,499920000101010
16120603003000,499920000101010
16120603031003,499920000101010
16120603032000,499920000101010
16120603033006,499920000101010
16120603034002,499920000101010
16120603061000,499920000101010
16120603062006,499920000101010
16210000010003,162100110201001
16210000020009,162100110201003
16210000030004,162100110201002
16210000040000,162100110201001
16210000050005,162100110201003
16210000060000,162100110201005
16210000070006,162100110201002
16210000080001,499920000101010
16210000090007,499920000101010
16210000100002,162100110101001
16210000110008,162100110101003
16210000120003,162100110101002
16210000130009,162100110101001
16210000140004,162100110101003
16210000150000,162100110101004
16210000160005,162100110101002
16210000170000,499920000101010
16210000180006,499920000101010
16210000190001,162100110501001
16210000200007,162100110501003
16210000210002,162100110301002
16210000220008,162100110501001
16210000230003,162100110501003
16210000240009,162100110501004
16210000250004,162100110501005
16210000260000,499920000101010
16210000270005,499920000101010
16210002301005,499920000101010
16210002302001,499920000101010
16210002303008,499920000101010
16210002331001,499920000101010
16210002332008,499920000101010
16210002333004,499920000101010
16210002334000,499920000101010
16210002361008,499920000101010
16210002362004,499920000101010
16210002400003,162100110601001
16210002400020,162100110601003
16210002400038,162100110601002
16210002400046,499920000101010
16210002400054,162100110601003
16210002400062,162100110601004
16210002400070,499920000101010
16210002400089,499920000101010
16210002400097,499920000101010
16920000010005,499920000101011
16920000020000,499920000101011
16920000030006,499920000101011
16920000040001,499920000101011
16920000050007,499920000101011
16920000060002,499920000101011
16920000070008,499920000101011
16920000080003,499920000101011
16920000090009,499920000101011
16920000100004,499920000101011
16920000110000,499920000101011
16920000120005,499920000101011
16920000130000,499920000101011
16920000140006,499920000101011
16920000150001,499920000101011
16920000160007,499920000101011
16920000170002,499920000101011
16920000180008,499920000101011
16920003001007,499920000101011
16920003002003,499920000101011
16920003003000,499920000101011
16920003004006,499920000101011
16920003005002,499920000101011
16920003006009,499920000101011
16920003007005,499920000101011
16920003008001,499920000101011
16920003009008,499920000101011
16920004001000,499920000101011
16920004002007,499920000101011
16920004003003,499920000101011
16920004004000,499920000101011
16920004005006,499920000101011
16920004006002,499920000101011
16920004007009,499920000101011
16920004008005,499920000101011
16920004009001,499920000101011
16920005001004,499920000101011
16920005002000,499920000101011
16920005003007,499920000101011
16920005004003,499920000101011
16920005005000,499920000101011
16920005006006,499920000101011
16920005007002,499920000101011
16920005008009,499920000101011
16920005009005,499920000101011
16920006001008,499920000101011
16920006002004,499920000101011
16920006003000,499920000101011
16920006004007,499920000101011
16920006005003,499920000101011
16920006006000,499920000101011
16920006007006,499920000101011
16920006008002,499920000101011
16920006009009,499920000101011
16920007001001,499920000101011
16920007002008,499920000101011
16920007003004,499920000101011
16920007004000,499920000101011
16920007005007,499920000101011
16920007006003,499920000101011
16920007007000,499920000101011
16920007008006,499920000101011
16920007009002,499920000101011
16920008001005,499920000101011
16920008002001,499920000101011
16920008003008,499920000101011
16920008004004,499920000101011
16920008005000,499920000101011
16920008006007,499920000101011
16920008007003,499920000101011
16920008008000,499920000101011
16920008009006,499920000101011
16930000010002,499920000101011
16930000020008,499920000101011
16930000030003,499920000101011
16930000040009,499920000101011
16930000050004,499920000101011
16930000060000,499920000101011
16930000070005,499920000101011
16930000080000,499920000101011
16930000090006,499920000101011
16930000100001,499920000101011
16930000110007,499920000101011
16930000120002,499920000101011
16930000130008,499920000101011
16930000140003,499920000101011
16930000150009,499920000101011
16930000160004,499920000101011
16930000170000,499920000101011
16930000180005,499920000101011
16930000190000,499920000101011
16930000200006,499920000101011
16930000210001,499920000101011
16930000220007,499920000101011
16930000230002,499920000101011
16930000240008,499920000101011
16930000250003,499920000101011
16930000260009,499920000101011
16930000270004,499920000101011
16930002301004,499920000101011
16930002302000,499920000101011
16930002303007,499920000101011
16930002304003,499920000101011
16930002305000,499920000101011
16930002306006,499920000101011
16930002307002,499920000101011
16930002308009,499920000101011
16930002309005,499920000101011
17110000010002,499920000101010
17110000020008,499920000101010
17110000030003,499920000101010
17110000040009,499920000101010
17110000050004,499920000101010
17110000060000,499920000101010
17110000070005,499920000101010
17110000080000,499920000101010
17110000090006,499920000101010
17110000100001,499920000101010
17110000110007,499920000101010
17110000120002,499920000101010
17110000130008,499920000101010
17110000140003,499920000101010
17110000150009,499920000101010
17110000160004,499920000101010
17110000170000,499920000101010
17110000180005,499920000101010
17110000190000,499920000101010
17110000200006,499920000101010
17120000010000,499920000101010
17120000020005,499920000101010
17120000030000,499920000101010
17120000040006,499920000101010
17120000050001,499920000101010
17120000060007,499920000101010
17120000070002,499920000101010
17120000080008,499920000101010
17120000090003,499920000101010
17120000100009,499920000101010
17195000010001,499920000101010
17195000020007,499920000101010
17195000030002,499920000101010
17195000040008,499920000101010
17195000050003,499920000101010
17195000060009,499920000101010
17195000070004,499920000101010
17195000080000,499920000101010
17197000010008,499920000101010
17197000020003,499920000101010
17197000030009,499920000101010
17197000040004,499920000101010
17510000010008,499920000101010
17510000020003,499920000101010
17510000030009,499920000101010
17510000040004,499920000101010
17510000050000,499920000101010
17510000060005,499920000101010
17595000010007,499920000101010
17595000020002,499920000101010
17595000030008,499920000101010
17595000040003,499920000101010
17595000050009,499920000101010
17595000060004,499920000101010
17930000010008,499920000101010
17930000020003,499920000101010
17930000030009,499920000101010
17930000040004,499920000101010
17930000050000,499920000101010
17930000060005,499920000101010
17930000070000,499920000101010
17930000080006,499920000101010
17930000090001,499920000101010
17930000100007,499920000101010
17930000110002,499920000101010
17930000120008,499920000101010
17930000130003,499920000101010
17930000140009,499920000101010
17930000150004,499920000101010
17930000160000,499920000101010
17930000170005,499920000101010
17930000180000,499920000101010
17930000190006,499920000101010
17930000200001,499920000101010
17930000210007,499920000101010
17930000220002,499920000101010
17930000230008,499920000101010
17930000240003,499920000101010
17930000250009,499920000101010
17930000260004,499920000101010
17930000270000,499920000101010
18803000010000,188030000100001
18803000020005,188030000100002
18803000030000,188030000100003
18803000040006,188030000100004
18803000050001,499920000101010
18805000010006,499920000101010
18805000020001,499920000101010
18825500010000,188255000101001
18825500020005,188255000101002
18825500030000,188255000101002
18825500040006,188255000102002
18825500050001,499920000101010
18825500060007,188255000102001
18825500070002,499920000101010
18825500080008,188255000102002
18825500090003,499920000101010
18825500100009,499920000101010
18825500110004,499920000101010
18825500120000,499920000101010
18825500130005,499920000101010
18825500140000,499920000101010
18825500150006,499920000101010
18825500160001,499920000101010
18825500170007,499920000101010
18825500180002,499920000101010
18825500190008,499920000101010
18825500200003,499920000101010
18825500210009,499920000101010
18825500220004,499920000101010
18825500230000,499920000101010
18825500240005,499920000101010
18825500250000,499920000101010
18825500260006,499920000101010
18825500270001,499920000101010
18825500280007,499920000101010
18825500290002,499920000101010
18825500300008,499920000101010
18825500310003,499920000101010
18825500320009,499920000101010
18825500330004,499920000101010
18825500340000,499920000101010
18825500350005,499920000101010
18825500360000,499920000101010
18825500370006,499920000101010
18825500380001,499920000101010
18825500390007,499920000101010
18825500400002,499920000101010
18825500410008,499920000101010
18825500420003,499920000101010
18825500430009,499920000101010
18825500440004,499920000101010
18825500450000,499920000101010
18825500460005,499920000101010
18835000010008,162100110301001
18835000020003,162100110301003
18835000030009,162100110301002
18835000040004,162100110301001
18835000050000,162100110301003
18835000060005,162100110301004
18835000070000,162100110301002
18835000080006,499920000101010
18835000090001,499920000101010
18845100010007,188451000100001
18845200010009,188452000100001
18845300010000,499920000101010
18845300020006,499920000101010
18845300030001,499920000101010
18845300040007,499920000101010
18845300050002,499920000101010
18845300060008,499920000101010
18845900010001,499920000101010
18845900020007,188459000100001
18845900030002,499920000101010
18845900040008,188459000100002
18845900050003,499920000101010
18880100010005,181901010101001
18880100020000,181901010101002
18880200010007,188800000100002
18880200020002,188800000100001
18880200030008,188800000200001
18880200040003,499920000101010
18880200050009,499920000101010
18880200060004,499920000101010
18880200070000,499920000101010
18880200080005,499920000101010
18880200090000,499920000101010
18880200100006,499920000101010
18880200110001,499920000101010
18880200120007,499920000101010
18880200130002,499920000101010
18880200140008,499920000101010
18880200150003,499920000101010
18880200160009,499920000101010
18880200170004,499920000101010
18880200180000,499920000101010
18880200190005,499920000101010
18880200200000,499920000101010
18880200210006,499920000101010
18880200220001,499920000101010
18880200230007,499920000101010
18880200240002,499920000101010
18880200250008,499920000101010
18880200260003,499920000101010
18880200270009,499920000101010
18880200280004,499920000101010
18880200290000,499920000101010
18880200300005,499920000101010
18880200310000,499920000101010
18880200320006,499920000101010
18880200330001,499920000101010
18880200340007,499920000101010
18880200350002,499920000101010
18880200360008,499920000101010
18880200370003,499920000101010
18890000010000,499920000101010
18892000010007,188920000101001
18892000020002,499920000101010
18892000030008,499920000101010
18892000040003,499920000101010
18892000050009,188920000101001
18892000060004,188920000101002
18892000070000,188920000101003
18892000080005,499920000101010
18892000090000,499920000101010
18892000100006,188800000200001
18999100010002,499920000101010
18999100020008,499920000101011
18999100030003,499920000101011
18999100040009,499920000101010
18999100050004,499920000101010
18999100060000,499920000101010
18999100070005,499920000101010
18999100080000,499920000101010
18999100090006,499920000101010
18999100100001,499920000101010
18999100110007,499920000101011
18999100120002,499920000101010
18999100130008,499920000101010
18999100140003,499920000101010
18999100150009,499920000101010
18999100160004,499920000101010
18999100170000,499920000101010
18999100180005,499920000101010
19810300010003,198801000101001
19810900010004,499920000101010
19880000000003,198801000101001
19899900010006,499920000101010
19910000010004,199100000001001
19910000020000,499920000101010
19910000030005,199100000001002
19910000040000,199100000001003
19910000050006,499920000101010
19910000060001,499920000101010
19910000070007,199100000001004
21210110010005,499920000101010
21210210010007,499920000101010
21210210020002,499920000101010
21210210030008,499920000101010
21299110010007,499920000101010
22505100010000,499920000101010
22505200010002,499920000101010
22510100010007,499920000101010
22510200010009,499920000101010
22510900010001,499920000101010
22520000010002,499920000101010
22530100010001,225301000001001
22530200010003,225302000001001
22530300010005,225303000001001
22530900010006,225309000001001
22540000010007,499920000101010
22550000010004,499920000101010
22560100010003,499920000101010
22560200010005,499920000101010
22590000010003,499920000101010
22595200010008,499920000101010
22595300010000,225993000001001
22595400010001,499920000101010
22595500010003,499920000101010
22595600010005,499920000101010
22595900010000,499920000101010
22599200010000,499920000101010
22599300010002,225993000001002
22599300020008,225993000001003
22599400010004,499920000101010
22599500010006,499920000101010
22599600010008,499920000101010
22599900010003,225993000001004
23210700010004,499920000101010
23210700020000,499920000101010
23210700030005,499920000101010
23210700040000,499920000101010
23210700050006,499920000101010
23210700060001,499920000101010
23230000010006,499920000101010
23230000020001,499920000101010
23230000030007,499920000101010
23230000040002,499920000101010
23230000050008,499920000101010
23230000060003,499920000101010
23230000070009,499920000101010
23230000080004,499920000101010
23230000090000,499920000101010
23240000010003,499920000101010
23240000020009,499920000101010
23240000030004,499920000101010
23240000040000,499920000101010
23240000050005,499920000101010
23240000060000,499920000101010
23240000070006,499920000101010
23240000080001,499920000101010
23240000090007,499920000101010
23290000010000,499920000101010
23290000020005,499920000101010
23290000030000,499920000101010
23290000040006,499920000101010
23290000050001,499920000101010
23290000060007,499920000101010
23290000070002,499920000101010
23290000080008,499920000101010
23290000090003,499920000101010
23810000010000,499920000101010
23810000020005,499920000101010
23810000030000,499920000101010
23890000010008,499920000101010
23890000020003,499920000101010
23890000030009,499920000101010
25105900010006,499920000101010
25115100010009,251151000001001
25115200010000,499920000101010
25125100010006,499920000101010
25125200010008,499920000101010
25130000010000,499920000101010
25135000010001,499920000101010
25140000010008,499920000101010
25145000010009,499920000101010
25190000010004,499920000101010
25195050010009,499920000101010
25195150010000,499920000101010
25195250010002,499920000101010
25195300010000,499920000101010
25195350010004,499920000101010
25195400010002,499920000101010
25195450010006,499920000101010
25195900010001,499920000101010
25199050010001,499920000101010
25199150010003,251991500001001
25199250010005,499920000101010
25199300010003,499920000101010
25199350010007,499920000101010
25199400010005,499920000101010
25199450010009,499920000101010
25199900010004,499920000101010
25295000010001,499920000101010
30330020010006,304301100100002
30330020020001,304301100100002
30330020030007,304301100100002
30330020040002,304301100100002
30340020010003,304301100100002
30340020020009,304301100100002
30340020030004,304301100100002
30340020040000,304301100100002
30340600010009,304301100100002
30340600020004,304301100100002
30340600030000,304301100100002
30340600040005,304301100100002
30340600050000,304301100100002
30430100010009,304301100100002
30430100020004,304301100100002
30430100030000,304301100100002
30430100040005,304301100100002
30430100050000,304301100100002
30430100060006,304301100100002
30430100070001,304301100100002
30430100080007,304301100100002
30430100090002,304301100100001
30430100100008,304302100100001
30430100110003,304301100100002
30430100120009,304301100100002
30430100130004,304301100100002
30430100140000,304301100100002
30430100150005,304301100100002
30430100160000,304301100100002
30430100170006,304301100100002
30430200010000,304301100100002
30430200020006,304301100100002
30430200030001,304301100100002
30430200040007,304301100100002
30430200050002,304301100100002
30430200060008,304301100100002
30430200070003,304301100100002
30430200080009,304301100100002
30430200090004,304301100100002
30430200100000,304301100100002
30430200110005,304301100100002
30430200120000,304301100100002
30430200130006,304301100100002
30430200140001,304301100100002
30430200150007,304301100100002
30430200160002,304301100100002
30430200170008,304301100100002
30430200180003,304301100100002
30430200190009,304301100100002
30430200200004,304301100100002
30430200210000,304301100100002
30430200220005,304301100100002
30430200230000,304301100100002
30430200240006,304301100100002
30430200250001,304301100100002
30430200260007,304301100100002
30440000010004,304301100100002
30440000010055,304301100100002
30440000020000,304301100100002
30440000030005,304301100100002
30440000040000,304301100100002
30440000050006,304301100100002
30440000060001,304301100100002
30440000070007,304301100100002
30440000080002,304301100100002
30440000090008,304301100100002
30440000100003,304301100100002
30440000110009,304301100100002
30440000120004,304301100100002
30440000130000,304400000100001
30440000140005,304301100100002
30440000150000,304301100100002
30440000160006,304301100100002
30440000170001,304301100100002
30440000180007,304301100100002
30440000190002,304301100100002
30440000200008,304301100100002
30440000210003,304301100100002
30440000220009,304301100100002
30440000230004,304301100100002
30470000010006,304301100100002
30490000010000,304301100100002
30490000020006,304301100100002
30490000030001,304301100100002
30490000040007,304301100100002
30490000050002,304301100100002
30490000060008,304301100100002
30490000070003,304301100100002
30490000080009,304301100100002
30490000090004,304301100100002
30490000100000,304301100100002
30490000110005,304301100100002
30490000120000,304301100100002
30490000130006,304301100100002
30490000140001,304301100100002
30490000150007,304301100100002
30490000160002,304301100100002
30490000170008,304301100100002
30610400010002,304301100100002
30610400020008,304301100100002
30610400030003,304301100100002
30610400040009,304301100100002
30610600010006,306106000100001
30610600020001,304301100100002
30910000010004,309100000100001
30910000020000,304301100100002
30910000030005,309100000100001
30910000040000,309100000100001
30910000050006,309100000100001
30910000060001,304301100100002
30910000070007,304301100100002
30910000080002,304301100100002
30910000090008,304301100100002
30910000100003,304301100100002
30910000110009,304301100100002
30910000120004,304301100100002
30910000130000,304301100100002
30910000140005,304301100100002
30910000150000,304301100100002
30910000160006,304301100100002
30910000170001,304301100100002
30910000180007,304301100100002
30910000190002,304301100100002
30910000200008,304301100100002
30910001005004,304301100100002
30910001006000,304301100100002
30910001007007,304301100100002
30910001008003,304301100100002
30910001009000,304301100100002
30910001010008,304301100100002
30910002004001,304301100100002
30910002014007,304301100100002
30921100010001,304301100100002
30922100010000,304301100100002
30922100020005,304301100100002
30922100030000,304301100100002
30922100040006,304301100100002
30922100050001,304301100100002
30922100060007,304301100100002
30922100070002,304301100100002
30922100080008,304301100100002
30922100090003,304301100100002
30922200010001,304301100100002
30925100010004,304301100100002
30925100020000,304301100100002
30925100030005,304301100100002
30925100040000,304301100100002
30925100050006,304301100100002
30925100060001,304301100100002
30925100070007,304301100100002
30925100080002,304301100100002
30925100090008,304301100100002
30925100100003,304301100100002
30925100110009,304301100100002
30925100120004,304301100100002
30925100130000,304301100100002
30925100140005,304301100100002
30925100150000,304301100100002
30925100160006,304301100100002
30925100170001,304301100100002
30925100180007,304301100100002
30926100010002,304301100100002
30926100020008,304301100100002
30926100030003,304301100100002
30926100040009,304301100100002
30926100050004,304301100100002
30926100060000,304301100100002
30926100070005,304301100100002
30926100080000,304301100100002
30926100090006,304301100100002
30926100100001,304301100100002
30926100110007,304301100100002
30926100120002,304301100100002
30926100130008,304301100100002
30926100140003,304301100100002
30926200010004,304301100100002
30926200020000,304301100100002
30926200030005,304301100100002
30926200040000,304301100100002
30926200050006,304301100100002
30926200060001,304301100100002
30926200070007,304301100100002
30926200080002,304301100100002
30926200090008,304301100100002
30926200100003,304301100100002
30926200110009,304301100100002
30926900010007,304301100100002
30926900020002,304301100100002
30926900030008,304301100100002
30926900040003,304301100100002
30926900050009,304301100100002
30926900060004,304301100100002
30926900070000,304301100100002
30926900080005,304301100100002
30926900090000,304301100100002
30926900100006,304301100100002
30926900110001,304301100100002
30960100010002,304301100100002
30960100020008,304301100100002
30960100030003,304301100100002
30960100040009,304301100100002
30960100050004,304301100100002
30960100060000,304301100100002
30960100070005,304301100100002
30960100080000,304301100100002
30960100090006,304301100100002
30960100100001,304301100100002
30960101003000,304301100100002
30960101004006,304301100100002
30960101005002,304301100100002
30960101006009,304301100100002
30960101007005,304301100100002
30960101014001,304301100100002
30984100010000,309841000100001
30984100020005,309841000100002
30984200010001,304301100100002
30984200020007,304301100100002
30984300010003,304301100100002
30984300020009,304301100100002
30984300030004,304301100100002
30984300040000,304301100100002
30984300050005,304301100100002
30984300060000,304301100100002
30984300070006,304301100100002
30984300080001,304301100100002
30984300090007,304301100100002
30984300100002,304301100100002
30984300110008,304301100100002
30984300120003,304301100100002
30984300130009,304301100100002
30984300140004,304301100100002
30984300150000,304301100100002
30984300160005,304301100100002
30984300170000,304301100100002
30984300180006,304301100100002
30984300190001,304301100100002
30984300200007,304301100100002
30984300210002,304301100100002
30984300220008,304301100100002
30984300230003,304301100100002
30984300240009,304301100100002
30984300250004,304301100100002
30984300260000,304301100100002
30984300270005,304301100100002
30984300280000,304301100100002
30984300290006,304301100100002
30984300300001,304301100100002
30984300310007,304301100100002
30984300320002,304301100100002
30984300330008,304301100100002
30984300340003,304301100100002
30984300350009,304301100100002
30984300360004,304301100100002
30984300370000,304301100100002
30984300380005,304301100100002
30984300390000,304301100100002
30984300400006,304301100100002
30984300410001,304301100100002
30984300420007,304301100100002
30984300430002,304301100100002
30984300440008,304301100100002
30984300450003,304301100100002
30984300460009,304301100100002
30984300470004,304301100100002
30984300480000,304301100100002
30984300490005,304301100100002
30984300500000,304301100100002
30984300510006,304301100100002
30984300520001,304301100100002
30984300530007,304301100100002
30984300540002,304301100100002
30984300550008,304301100100002
30984300560003,304301100100002
30984300570009,304301100100002
30984300580004,304301100100002
30984300590000,304301100100002
30984300600005,304301100100002
30984300610000,304301100100002
30984300620006,304301100100002
30984300630001,304301100100002
30984300640007,304301100100002
30984300650002,304301100100002
30984300660008,304301100100002
30984300670003,304301100100002
30984300680009,304301100100002
30984300690004,304301100100002
30984300700000,304301100100002
30984300710005,304301100100002
30984300720000,304301100100002
30984400010005,304301100100002
30984400020000,304301100100002
30984400030006,304301100100002
30984400040001,304301100100002
30984500010007,304301100100002
30984500020002,304301100100002
30984600010009,304301100100002
30984700010000,304301100100002
30986100010006,304301100100002
30986100020001,304301100100002
30986100030007,304301100100002
30986100040002,304301100100002
30986100050008,304301100100002
30986100060003,304301100100002
30986100070009,304301100100002
30986100080004,304301100100002
30986100100005,304301100100002
30986101014005,304301100100002
30986200010008,304301100100002
30986200020003,304301100100002
30986200030009,304301100100002
30986200040004,304301100100002
30986200050000,304301100100002
30986200060005,304301100100002
30986200070000,304301100100002
30986200080006,304301100100002
30986200100007,304301100100002
30986201014007,304301100100002
31110000010009,304301100100002
31110000020004,304301100100002
31110000030000,304301100100002
31110000040005,304301100100002
31110000050000,304301100100002
31110001003006,304301100100002
31110001004002,304301100100002
31110001005009,304301100100002
31110001006005,304301100100002
31110001007001,304301100100002
31110001008008,304301100100002
31110001014008,304301100100002
31120000010006,304301100100002
31120000020001,304301100100002
31120000030007,304301100100002
31130000010003,304301100100002
31130000020009,304301100100002
31210000010005,304301100100002
31210000020000,304301100100002
31210000030006,304301100100002
31210000040001,304301100100002
31210000050007,304301100100002
31210001003002,304301100100002
31210001004009,304301100100002
31210001005005,304301100100002
31210001006001,304301100100002
31210001007008,304301100100002
31210001008004,304301100100002
31210001014004,304301100100002
31220000010002,304301100100002
31220000020008,304301100100002
31220000030003,304301100100002
31230000010000,304301100100002
31230000020005,304301100100002
31310100010003,304301100100002
31310100020009,304301100100002
31310100030004,304301100100002
31310100040000,304301100100002
31310100050005,304301100100002
31310101003000,304301100100002
31310101004007,304301100100002
31310101005003,304301100100002
31310101006000,304301100100002
31310101007006,304301100100002
31310101008002,304301100100002
31310101014002,304301100100002
31310200010005,304301100100002
31310200020000,304301100100002
31310200030006,304301100100002
31310200040001,304301100100002
31310200050007,304301100100002
31310201003002,304301100100002
31310201004009,304301100100002
31310201005005,304301100100002
31310201006001,304301100100002
31310201007008,304301100100002
31310201008004,304301100100002
31310201014004,304301100100002
31320100010000,304301100100002
31320100020006,304301100100002
31320100030001,304301100100002
31320200010002,304301100100002
31320200020008,304301100100002
31320200030003,304301100100002
31330100010008,304301100100002
31330100020003,304301100100002
31330200010000,304301100100002
31330200020005,304301100100002
31410100010000,304301100100002
31410100020005,304301100100002
31410100030000,304301100100002
31410100040006,304301100100002
31410100050001,304301100100002
31410101003007,304301100100002
31410101004003,304301100100002
31410101005000,304301100100002
31410101006006,304301100100002
31410101007002,304301100100002
31410101008009,304301100100002
31410101014009,304301100100002
31410200010001,304301100100002
31410200020007,304301100100002
31410200030002,304301100100002
31410200040008,304301100100002
31410200050003,304301100100002
31410201003009,304301100100002
31410201004005,304301100100002
31410201005001,304301100100002
31410201006008,304301100100002
31410201007004,304301100100002
31410201008000,304301100100002
31410201014000,304301100100002
31420100010007,304301100100002
31420100020002,304301100100002
31420100030008,304301100100002
31420200010009,304301100100002
31420200020004,304301100100002
31420200030000,304301100100002
31430100010004,304301100100002
31430100020000,304301100100002
31430200010006,304301100100002
31430200020001,304301100100002
31510100010006,304301100100002
31510100020001,304301100100002
31510100030007,304301100100002
31510100040002,304301100100002
31510100050008,304301100100002
31510101003003,304301100100002
31510101004000,304301100100002
31510101005006,304301100100002
31510101006002,304301100100002
31510101007009,304301100100002
31510101008005,304301100100002
31510101014005,304301100100002
31510200010008,304301100100002
31510200020003,304301100100002
31510200030009,304301100100002
31510200040004,304301100100002
31510200050000,304301100100002
31510201003005,304301100100002
31510201004001,304301100100002
31510201005008,304301100100002
31510201006004,304301100100002
31510201007000,304301100100002
31510201008007,304301100100002
31510201014007,304301100100002
31520100010003,304301100100002
31520100020009,304301100100002
31520100030004,304301100100002
31520200010005,304301100100002
31520200020000,304301100100002
31520200030006,304301100100002
31530100010000,304301100100002
31530100020006,304301100100002
31530200010002,304301100100002
31530200020008,304301100100002
31610100010002,304301100100002
31610100020008,304301100100002
31610100030003,304301100100002
31610100040009,304301100100002
31610100050004,304301100100002
31610101003000,304301100100002
31610101004006,304301100100002
31610101005002,304301100100002
31610101006009,304301100100002
31610101007005,304301100100002
31610101008001,304301100100002
31610101014001,304301100100002
31610200010004,304301100100002
31610200020000,304301100100002
31610200030005,304301100100002
31610200040000,304301100100002
31610200050006,304301100100002
31610201003001,304301100100002
31610201004008,304301100100002
31610201005004,304301100100002
31610201006000,304301100100002
31610201007007,304301100100002
31610201008003,304301100100002
31610201014003,304301100100002
31620100010000,304301100100002
31620100020005,304301100100002
31620100030000,304301100100002
31620200010001,304301100100002
31620200020007,304301100100002
31620200030002,304301100100002
31630100010007,304301100100002
31630100020002,304301100100002
31630200010009,304301100100002
31630200020004,304301100100002
31710100010009,304301100100002
31710100020004,304301100100002
31710100030000,304301100100002
31710100040005,304301100100002
31710100050000,304301100100002
31710101003006,304301100100002
31710101004002,304301100100002
31710101005009,304301100100002
31710101006005,304301100100002
31710101007001,304301100100002
31710101008008,304301100100002
31710101014008,304301100100002
31710200010000,304301100100002
31710200020006,304301100100002
31710200030001,304301100100002
31710200040007,304301100100002
31710200050002,304301100100002
31710201003008,304301100100002
31710201004004,304301100100002
31710201005000,304301100100002
31710201006007,304301100100002
31710201007003,304301100100002
31710201008000,304301100100002
31710201014000,304301100100002
31720100010006,304301100100002
31720100020001,304301100100002
31720100030007,304301100100002
31720200010008,304301100100002
31720200020003,304301100100002
31720200030009,304301100100002
31730100010003,304301100100002
31730100020009,304301100100002
31730200010005,304301100100002
31730200020000,304301100100002
31810100010005,304301100100002
31810100020000,304301100100002
31810100030006,304301100100002
31810100040001,304301100100002
31810100050007,304301100100002
31810101003002,304301100100002
31810101004009,304301100100002
31810101005005,304301100100002
31810101006001,304301100100002
31810101007008,304301100100002
31810101008004,304301100100002
31810101014004,304301100100002
31810200010007,304301100100002
31810200020002,304301100100002
31810200030008,304301100100002
31810200040003,304301100100002
31810200050009,304301100100002
31810201003004,304301100100002
31810201004000,304301100100002
31810201005007,304301100100002
31810201006003,304301100100002
31810201007000,304301100100002
31810201008006,304301100100002
31810201014006,304301100100002
31820100010002,304301100100002
31820100020008,304301100100002
31820100030003,304301100100002
31820200010004,304301100100002
31820200020000,304301100100002
31820200030005,304301100100002
31830100010000,304301100100002
31830100020005,304301100100002
31830200010001,304301100100002
31830200020007,304301100100002
31910100010001,304301100100002
31910100020007,304301100100002
31910100030002,304301100100002
31910100040008,304301100100002
31910100050003,304301100100002
31910101003009,304301100100002
31910101004005,304301100100002
31910101005001,304301100100002
31910101006008,304301100100002
31910101007004,304301100100002
31910101008000,304301100100002
31910101014000,304301100100002
31910200010003,304301100100002
31910200020009,304301100100002
31910200030004,304301100100002
31910200040000,304301100100002
31910200050005,304301100100002
31910201003000,304301100100002
31910201004007,304301100100002
31910201005003,304301100100002
31910201006000,304301100100002
31910201007006,304301100100002
31910201008002,304301100100002
31910201014002,304301100100002
31920100010009,304301100100002
31920100020004,304301100100002
31920100030000,304301100100002
31920200010000,304301100100002
31920200020006,304301100100002
31920200030001,304301100100002
31930100010006,304301100100002
31930100020001,304301100100002
31930200010008,304301100100002
31930200020003,
41310200010000,413102000001001
41310200020005,413102000001001
41310200030000,413102000001001
41310250010003,499920000101010
41310250020009,499920000101010
41310250030004,499920000101010
41510200010002,499920000101010
41510200020008,499920000101010
41510200030003,499920000101010
41510220010008,499920000101010
41510220020003,499920000101010
41510220030009,499920000101010
41510230010000,499920000101010
41510230020006,499920000101010
41510230030001,499920000101010
41510300010004,499920000101010
41510300020000,499920000101010
41510300030005,499920000101010
41510320010000,499920000101010
41510320020005,499920000101010
41510320030000,499920000101010
41510330010002,499920000101010
41510330020008,499920000101010
41510330030003,499920000101010
42110030010007,499920000101010
42110050010002,499920000101010
42110050020008,499920000101010
42110070010008,499920000101010
42110070020003,499920000101010
42110070030009,499920000101010
42220030010000,499920000101010
42220050010006,499920000101010
42220050020001,499920000101010
42220070010001,499920000101010
42220070020007,499920000101010
42220070030002,499920000101010
43250000010000,499920000101010
43250000020005,499920000101010
43250000030000,499920000101010
45240000010003,499920000101010
46330000010008,499920000101010
46330000020003,499920000101010
46430000010004,464500000102001
46430000020000,464500000101001
46430000030005,464500000101003
46430000040000,464500000102002
46430000050006,464500000101002
46430000060001,464500000102003
46450000010009,499920000101010
46450000020004,499920000101010
46450000030000,499920000101010
46450000040005,499920000101010
46450000050000,499920000101010
46450000060006,499920000101010
46450000070001,499920000101010
46450000080007,499920000101010
46610100010004,499920000101010
46610100020000,499920000101010
46610200010006,499920000101010
46610200020001,499920000101010
46610400010000,499920000101010
46610400020005,499920000101010
47110100010008,471100000101001
47110100020003,471100000101001
47110100030009,499920000101010
47110100040004,499920000101010
47110100050000,499920000101010
47110100060005,499920000101010
47130400010008,499920000101010
47130400020003,499920000101010
47130400030009,499920000101010
47130400040004,499920000101010
47130400050000,499920000101010
47130400060005,499920000101010
47140400010005,499920000101010
47140400020000,499920000101010
47140400030006,499920000101010
47140400040001,499920000101010
47140400050007,499920000101010
47140400060002,499920000101010
47140400070008,499920000101010
47140400080003,499920000101010
47185130010008,499920000101010
47185130020003,499920000101010
49110100010009,491101000101002
49110100020004,491101000101001
49110400010004,499920000101010
49110400020000,499920000101010
49110400030005,499920000101010
49110400040000,499920000101010
49110400050006,499920000101010
49315000010000,493150000001001
49410000010006,499920000101010
49410000020001,499920000101010
49415000010007,494150000001001
49415000020002,499920000101010
49415000030008,494150000001002
49415000040003,499920000101010
49420100010005,494201000001001
49420100020000,494201000001002
49420100030006,494201000001003
49420100040001,494201000001004
49420200010007,494202000001001
49420200020002,494202000001002
49420200030008,494202000001003
49420200040003,494202000001004
49420200050009,494202000001005
49420900010000,494209000001001
49420900020005,494209000001002
49420900030000,494209000001003
49420900040006,499920000101010
49420900050001,494209000001004
49420900060007,499920000101010
49420900070002,499920000101010
49420900080008,499920000101010
49420900090003,494209000001005
49420900100009,494209000001005
49420900110004,494209000001005
49420900120000,499920000101010
49420900130005,499920000101010
49420900140000,499920000101010
49420900150006,499920000101010
49420900160001,499920000101010
49430100010002,499920000101010
49430990010001,499920000101010
49430990020007,499920000101010
49430990030002,499920000101010
49430990040008,499920000101010
49430990050003,499920000101010
49430990060009,499920000101010
49430990070004,494309900001001
49430990080000,494309900001001
49430990090005,494309900001002
49430990100000,494309900001002
49430990110006,499920000101010
49430990120001,499920000101010
49430990130007,499920000101010
49430990140002,499920000101010
49430990150008,499920000101010
49430990160003,499920000101010
49430990170009,499920000101010
49430990180004,499920000101010
49430990190000,499920000101010
49430990200005,499920000101010
49430990210000,499920000101010
49430990220006,499920000101010
49430990230001,499920000101010
49430990240007,499920000101010
49430990250002,494309900001002
49430990260008,499920000101010
49430990270003,499920000101010
49430990280009,499920000101010
49430990290004,499920000101010
49430990300000,499920000101010
49430990310005,499920000101010
49430990320000,499920000101010
49430990330006,499920000101010
49430990340001,499920000101010
49430990350007,499920000101010
49430990360002,499920000101010
49430990370008,499920000101010
49430990380003,499920000101010
49908000010006,499920000101010
49908000020001,499920000101010
49908000030007,499920000101010
49908000040002,499920000101010
49908000050008,499920000101010
49908000060003,499920000101010
49920000010005,499920000101010
49930100010004,499920000101010
49930100020000,499920000101010
49930100030005,499920000101010
49930100040000,499920000101010
49930100050006,499301000101001
49930100060001,499301000101002
49930100070007,499301000101003
49930100080002,499301000101004
49930100090008,499301000101005
49930100100003,499301000101006
49930100110009,499301000101007
49930100120004,499301000101008
49930100130000,499301000101009
49930100140005,499301000101010
49930100150000,499301000101011
49930100160006,499301000101012
49930100170001,499920000101010
49930100180007,499920000101010
49930100190002,499301000101013
49930500010001,499305000101011
49930500020007,499305000101001
49930500030002,499305000101003
49930500040008,499305000101011
49930500050003,499305000101011
49930500060009,499305000101011
49930500070004,499305000101011
49930500080000,499305000101011
49930500090005,499305000101011
49930500100000,499305000101011
49930500110006,499305000101011
49930500120001,499305000101011
49930500130007,499305000101011
49930500140002,499305000101011
49930500150008,499305000101011
49930500160003,499305000101011
49930500170009,499305000101002
49930500180004,499305000101011
49930500190000,499305000101011
49930500200005,499305000101011
49930500210000,499305000101011
49930500220006,499305000101011
49930500230001,499305000101011
49930500240007,499305000101011
49930500250002,499305000101011
49930500260008,499305000101011
49930500270003,499305000101011
49930500280009,499305000101011
49930500290004,499305000101011
49990000010006,499920000101010
49990000020001,499920000101010
49992000010002,499920000101001
49992000020008,499920000101001
49992000030003,499920000101002
49992000040009,499920000101003
49992000050004,499920000101003
49992000060000,499920000101003
49992000070005,499920000102001
49992000080000,499920000101010
49992000090006,499920000101010
49992000100001,499920000101010
49992000110007,499920000101010
49992000120002,499920000101005
49992000130008,499920000101010
49992000140003,499920000101010
49992000150009,499920000101010
49992000160004,499920000101006
49992000170000,499990000101001
49992000180005,499920000101004
51110000010008,499920000101010
51110000020003,499920000101010
51110000030009,499920000101010
51110000040004,499920000101010
51110000050000,499920000101010
51110000060005,499920000101010
51110000070000,499920000101010
51110000080006,499920000101010
51110000090001,499920000101010
51110000100007,499920000101010
51110000110002,499920000101010
51110000120008,499920000101010
51110000130003,499920000101010
51110000140009,499920000101010
51110000150004,499920000101010
51110000160000,499920000101010
51110000170005,499920000101010
51110000180000,499920000101010
51110000190006,499920000101010
51110000200001,499920000101010
51110000210007,499920000101010
61110130010002,611101300100001
61110290010000,499920000101010
61120130010000,611201300001001
61120130020005,499920000101010
61120290010008,499920000101010
61120290020003,499920000101010
61150000010001,499920000101010
61150000020007,611500000001001
61510000010008,615101000100001
61520000010005,615200000100001
61530000010002,499920000101010
61580100010000,499920000101010
61580200010002,499920000101010
61610100010006,499920000101010
61610100020001,499920000101010
61610100030007,616181000001001
61610100040002,499920000101010
61610100050008,499920000101010
61610100060003,499920000101010
61610100070009,499920000101010
61610100080004,499920000101010
61610100090000,499920000101010
61610100100005,499920000101010
61610100110000,499920000101010
61610100120006,499920000101010
61610100130001,499920000101010
61610100140007,499920000101010
61610100150002,499920000101010
61610100160008,499920000101010
61610100170003,499920000101010
61610100180009,499920000101010
61610100190004,499920000101010
61610100200000,499920000101010
61610100210005,499920000101010
61610100220000,499920000101010
61610100230006,499920000101010
61610100240001,499920000101010
61610100250007,499920000101010
61610100260002,499920000101010
61610100270008,499920000101010
61610100280003,499920000101010
61610100290009,499920000101010
61610100300004,499920000101010
61610100310000,499920000101010
61610100320005,499920000101010
61610100330000,499920000101010
61610100340006,499920000101010
61610100350001,499920000101010
61610100360007,499920000101010
61610100370002,499920000101010
61610100380008,499920000101010
61610100390003,499920000101010
61610100400009,499920000101010
61610100410004,499920000101010
61610100420000,499920000101010
61610100430005,499920000101010
61610100440000,499920000101010
61810000010007,618100000100001
71105000010000,711150000101001
71105000020006,499920000101010
71105001002001,499920000101010
71105001003008,499920000101010
71105001004004,499920000101010
71105001005000,499920000101010
71105001006007,499920000101010
71105001007003,499920000101010
71105001008000,499920000101010
71105001011000,711150000101002
71105001012007,499920000101010
71105001013003,499920000101010
71105001014000,499920000101010
71105001015006,499920000101010
71105001016002,499920000101010
71105001502004,499920000101010
71105001503000,499920000101010
71105001504007,499920000101010
71105001505003,499920000101010
71105001506000,499920000101010
71105001507006,499920000101010
71105990010010,711150000101001
71105990010028,499920000101010
71105990010036,499920000101010
71105990010044,499920000101010
71105990010052,499920000101010
71105990010060,499920000101010
71105990010079,499920000101010
71105990010087,499920000101010
71105990010117,711150000101002
71105990010125,499920000101010
71105990010133,499920000101010
71105990010150,499920000101010
71105990010168,499920000101010
71105990015011,499920000101010
71105990015020,499920000101010
71105990015038,499920000101010
71105990015046,499920000101010
71105990015054,499920000101010
71105990015062,499920000101010
71105990015070,499920000101010
71115000010008,711150000102001
71115000020003,711150000101001
71115000030009,711150000105001
71115000040004,499920000101010
71115000050000,499920000101010
71115000060005,499920000101010
71115000070000,711150000102002
71115000080006,711150000101002
71115000090001,711150000105002
71115000100007,499920000101010
71115001006004,499920000101010
71115001007000,499920000101010
71115001008007,
71115001009003,
71115001013000,
71115001014007,
71115001015003,
71115001016000,
71115001017006,
71115001018002,
71115001019009,
71115001504004,499920000101010
71210000010003,499920000101010
71210000020009,499920000101010
71210000030004,499920000101010
71210000040000,499920000101010
71210000050005,499920000101010
71210000060000,499920000101010
71210000070006,499920000101010
71210000080001,499920000101010
71210000090007,499920000101010
71210000100002,499920000101010
71210000110008,499920000101010
71210000120003,499920000101010
71210000130009,499920000101010
71210000140004,499920000101010
71220000010000,499920000101010
71220000020006,499920000101010
71220000030001,499920000101010
71220000040007,499920000101010
71220000050002,499920000101010
71220000060008,499920000101010
71260100010001,499920000101010
71260100020007,499920000101010
71260100030002,499920000101010
71410100010008,714101000101001
71410100020003,714101000101001
71410100030009,714101000101001
71410100040004,714101000101001
71410100050000,499920000101010
71410200010000,499920000101010
71410200020005,499920000101010
71410200030000,499920000101010
71410200040006,499920000101010
71420000010003,714200000101001
71420000020009,714200000101001
71420000030004,499920000101010
71420000040000,499920000101010
71510000010002,499920000101010
71510000020008,499920000101010
71510000030003,715100000010001
71510000040009,499920000101010
71510000050004,499920000101010
71510000060000,499920000101010
71510000070005,499920000101010
71510000080000,499920000101010
71510000090006,499920000101010
71510000100001,499920000101010
71510000110007,499920000101010
71510000120002,499920000101010
71510000130008,499920000101010
71510000140003,499920000101010
71510000150009,499920000101010
71510000160004,499920000101010
71510000170000,499920000101010
71510000180005,499920000101010
71510000190000,499920000101010
71510000200006,499920000101010
71510000210001,499920000101010
71510000220007,499920000101010
71510000230002,499920000101010
71510000240008,499920000101010
71510000250003,499920000101010
71510000260009,499920000101010
71575000010007,499920000101010
71575000020002,499920000101010
71575000030008,499920000101010
71575000040003,499920000101010
71575000050009,499920000101010
71575000060004,499920000101010
71575000070000,499920000101010
71575000080005,499920000101010
71575000090000,499920000101010
71575000100006,499920000101010
71575000110001,499920000101010
71575000120007,499920000101010
71575000130002,499920000101010
71575000140008,499920000101010
71575000150003,499920000101010
71575000160009,499920000101010
71575000170004,499920000101010
71575000180000,499920000101010
71580110010008,499920000101010
71580110020003,499920000101010
71580110030009,715801100101001
71580110040004,499920000101010
71580110050000,499920000101010
71580110060005,499920000101010
71580210010000,499920000101010
71580210020005,499920000101010
71580210030000,499920000101010
71580210040006,499920000101010
71580210050001,499920000101010
71580210060007,499920000101010
71580210070002,499920000101010
71580210080008,499920000101010
71580210090003,499920000101010
71580210100009,499920000101010
71580900010000,499920000101010
71580900020005,499920000101010
71590100010002,499920000101010
71590100020008,499920000101010
71590100030003,499920000101010
71590100040009,499920000101010
71590200010004,499920000101010
71590200020000,499920000101010
71590200030005,499920000101010
71590200040000,499920000101010
71590200050006,499920000101010
71590200060001,499920000101010
71590200070007,499920000101010
71590200080002,499920000101010
71590200090008,499920000101010
71590200100003,499920000101010
71590200110009,499920000101010
71590200120004,499920000101010
71590200130000,499920000101010
71590200140005,499920000101010
71795010010007,499920000101010
71795010020002,717017000100001
71796030010000,499920000101010
71796990010003,499920000101010
71798010010001,717029000001001
71798040010000,717029000001001
71798990010000,499920000101010
71798990020005,499920000101010
71820000010009,499920000101010
71910300010003,719103000101001
71920000010005,499920000101010
71920000020000,499920000101010
71920000030006,719201600100001
71920000040001,499920000101010
71920000050007,499920000101010
71920000060002,719201600100001
71920000070008,499920000101010
71920000080003,499920000101010
71920000090009,499920000101010
71920000100004,499920000101010
71920000110000,499920000101010
71920000120005,499920000101010
71920000130000,499920000101010
71920000140006,499920000101010
71920000150001,499920000101010
71920000160007,499920000101010
71920001003002,499920000101010
71920001004009,499920000101010
71920001005005,499920000101010
71920001006001,499920000101010
71920001007008,499920000101010
71920001102000,499920000101010
71920001103007,499920000101010
71920001104003,499920000101010
71920001105000,499920000101010
71920001106006,499920000101010
71920001107002,499920000101010
71920002004002,499920000101010
71920002104007,499920000101010
71930000010002,719300000100003
71930000020008,719300000100001
71990300010001,499920000101010
71990300020007,719921600100001
71990300030002,499920000101010
71990300040008,719921600100001
71990301002002,499920000101010
71990301003009,499920000101010
71990301004005,499920000101010
71990301005001,499920000101010
71990301006008,499920000101010
71990301007004,499920000101010
71990301008000,499920000101010
71990302004009,499920000101010
71990400010003,499920000101010
71990400020009,499920000101010
71990400030004,499920000101010
71990600010007,719921600100001
71990600020002,499920000101010
71999000010000,499920000101010
71999000020005,499920000101010
71999000030000,499920000101010
71999000040006,499920000101010
71999000050001,499920000101010
71999000060007,499920000101010
71999000070002,499920000101010
71999000080008,499920000101010
71999000090003,499920000101010
71999000100009,499920000101010
71999000110004,499920000101010
71999000120000,499920000101010
71999000130005,499920000101010
71999000140000,499920000101010
71999000150006,739990000100001
71999000160001,499920000101010
71999000170007,499920000101010
71999000180002,499920000101010
73150000010007,499920000101010
73150000020002,499920000101010
73150000030008,499920000101010
73150000040003,499920000101010
73150000050009,499920000101010
73150002004004,499920000101010
73990100010009,739908000100001
73999000010000,711150000103001
73999000020006,499920000101010
81120000010009,811200000100001
81120000020004,811200000100001
81120000030000,499920000101010
81120000040005,499920000101010
81130000010006,811300000101002
81130000020001,811300000101002
81130000030007,811300000101001
81130000040002,811300000101001
81130000050008,499920000101010
81130000060003,499920000101010
81130000070009,499920000101010
81130000080004,499920000101010
81130000090000,499920000101010
81130000100005,499920000101010
81130000110000,499920000101010
81130000120006,499920000101010
81150100010002,499920000101010
81150100020008,499920000101010
81150100030003,499920000101010
81150100040009,499920000101010
81150200010004,499920000101010
81150200020000,499920000101010
81150200030005,499920000101010
81150200040000,499920000101010
81182000010009,811820000101001
81182000020004,811820000101001
81185100010005,811851000101001
81185200010007,499920000101010
81185200020002,499920000101010
81240000010000,499920000101010
81240000020005,499920000101010
81240000030000,499920000101010
81255000010008,812650000102001
81255000020003,812650000101001
81265000010005,812650000102001
81265000020000,812650000101001
81265000030006,499920000101010
81265000040001,499920000101010
81290000010006,499920000101010
81290000020001,499920000101010
81290000030007,499920000101010
81290000040002,499920000101010
81290000050008,499920000101010
81290000060003,499920000101010
81290000070009,499920000101010
81290000080004,499920000101010
81290000090000,499920000101010
81310100010006,499920000101010
81310100020001,499920000101010
81310100030007,499920000101010
81310990010005,499920000101010
81310990020000,499920000101010
81310990030006,499920000101010
81310990040001,499920000101010
81310990050007,499920000101010
81310990060002,499920000101010
81310990070008,499920000101010
81310990080003,499920000101010
81310990090009,499920000101010
81310990100004,499920000101010
81360000010000,499920000101010
81360000020006,499920000101010
81360000030001,499920000101010
81520000010004,499920000101010
81520000020000,499920000101010
81520000030005,499920000101010
81520000040000,499920000101010
81520000050006,499920000101010
81520000060001,499920000101010
81520000070007,499920000101010
81520000080002,499920000101010
81520000090008,499920000101010
81520000100003,499920000101010
81520000110009,499920000101010
81520000120004,499920000101010
81520000130000,499920000101010
81520000140005,499920000101010
81520000150000,499920000101010
81520000160006,499920000101010
81520000170001,499920000101010
81520000180007,499920000101010
81550110010000,499920000101010
81550110020006,499920000101010
81550110030001,499920000101010
81550110040007,499920000101010
81550110050002,815501100100001
81550110060008,499920000101010
81550210010002,499920000101010
81550210020008,499920000101010
81550210030003,499920000101010
81550210040009,499920000101010
81550210050004,499920000101010
81550210060000,499920000101010
81550210070005,499920000101010
81550210080000,499920000101010
81550210090006,499920000101010
81550210100001,499920000101010
81550900010002,499920000101010
81550900020008,499920000101010
81580100010000,499920000101010
81580100020005,499920000101010
81580100030000,499920000101010
81580100040006,499920000101010
81580200010001,499920000101010
81580200020007,499920000101010
81580200030002,499920000101010
81580200040008,499920000101010
81580200050003,499920000101010
81580200060009,499920000101010
81580200070004,499920000101010
81580200080000,499920000101010
81580200090005,499920000101010
81580200100000,499920000101010
81580200110006,499920000101010
81580200120001,499920000101010
81580200130007,499920000101010
81580200140002,499920000101010
81620000010000,499920000101010
81703000010007,499920000101010
81703000020002,499920000101010
81706000010001,499920000101010
81706000020007,499920000101010
81706000030002,499920000101010
81709000010006,499920000101010
81712000010006,817120000100001
81712000020001,817120000100001
81712000030007,499920000101010
81712000040002,499920000101010
81715000010000,499920000101010
81718300010000,499920000101010
81718300020006,499920000101010
81718300030001,817183000100001
81721000010005,499920000101010
81721000020000,499920000101010
81721000030006,499920000101010
81724000010000,817240000100001
81724000020005,499920000101010
81727000010004,817270000100001
81727000020000,817270000100002
81727000030005,817270000100003
81727000040000,817270000100004
81727000050006,817270000100005
81727000060001,817270000100006
81730100010006,817301000100001
81730100020001,499920000101010
81730100030007,499920000101010
81730500010003,817305000100001
81730500020009,499920000101010
81730500030004,499920000101010
81730500040000,499920000101010
81730500050005,499920000101010
81730500060000,499920000101010
81730500070006,499920000101010
81730600010005,817306000100001
81733000010009,817330000100001
81733000020004,817330000100005
81733000030000,499920000101010
81733000040005,817330000100002
81733000050000,817330000100003
81733000060006,817330000100001
81733000070001,817330000100006
81733000080007,499920000101010
81733000090002,817330000100007
81733000100008,499920000101010
81733000110003,499920000101010
81733000120009,499920000101010
81733000130004,499920000101010
81733000140000,499920000101010
81733000150005,817330000100004
81733000160000,499920000101010
81733000170006,499920000101010
81733000180001,499920000101010
81733000190007,499920000101010
81733000200002,499920000101010
81733000210008,499920000101010
81733000220003,499920000101010
81733000230009,499920000101010
81736000010003,817360000100001
81736000020009,817630000100007
81736000030004,499920000101010
81737000010001,817370000100001
81739000010008,817390000100001
81739000020003,817390000100001
81739000030009,499920000101010
81739000040004,499920000101010
81739000050000,818102500100001
81739000060005,499920000101010
81739000070000,499920000101010
81742000010008,499920000101010
81742000020003,817420000100001
81742000030009,817420000100003
81742000040004,817420000100004
81742000050000,499920000101010
81742000060005,817420000100004
81742000070000,817420000100005
81742000080006,499920000101010
81742000090001,499920000101010
81745000010002,817420000100004
81745000020008,499920000101010
81745000030003,817420000100004
81745000040009,499920000101010
81745000050004,499920000101010
81748000010007,499920000101010
81748000020002,499920000101010
81751000010007,499920000101010
81751000020002,817510000100001
81751000030008,499920000101010
81751000040003,499920000101010
81751000050009,499920000101010
81751000060004,499920000101010
81751000070000,499920000101010
81754000010001,817540000100001
81754000020007,817540000100002
81754000030002,817540000100003
81757000010006,817570000100001
81757000020001,817570000100001
81757000030007,499920000101010
81757000040002,499920000101010
81757000050008,817570000100002
81757000060003,499920000101010
81757000070009,817570000100003
81757000080004,817570000100004
81757000090000,817570000100005
81757000100005,817570000100006
81760000010006,499920000101010
81763000010000,817630000100001
81763000020006,817630000100002
81763000030001,817630000100001
81763000040007,817630000100003
81763000050002,499920000101010
81763000060008,817630000100004
81763000070003,499920000101010
81763000080009,499920000101010
81763000090004,817630000100005
81763000100000,817630000100006
81766000010005,499920000101010
81766000020000,499920000101010
81766000030006,499920000101010
81766000040001,499920000101010
81766000050007,817660000100001
81766000060002,499920000101010
81769000010000,499920000101010
81769000020005,499920000101010
81769000030000,499920000101010
81769000040006,499920000101010
81769000050001,817690000100001
81769000060007,817690000100002
81769000070002,817690000100003
81769000080008,817690000100004
81772000010000,817720000100001
81772000020005,817720000100001
81772000030000,817720000100001
81772000040006,499920000101010
81772000050001,499920000101010
81772000060007,499920000101010
81772000070002,817720000100001
81772000080008,817720000100001
81772000090003,817720000100001
81772000100009,817720000100001
81772000110004,817720000100001
81772000120000,499920000101010
81772000130005,499920000101010
81772000140000,499920000101010
81772000150006,499920000101010
81772000160001,499920000101010
81772000170007,499920000101010
81772000180002,499920000101010
81775000010004,817750000100001
81775000020000,817750000100001
81775000030005,817750000100001
81775000040000,817750000100001
81775000050006,817750000100001
81775000060001,817750000100001
81775000070007,817750000100001
81775000080002,817750000100001
81775000090008,817750000100001
81775000100003,817750000100001
81775000110009,817750000100001
81775000120004,817750000100001
81775000130000,499920000101010
81775000140005,817750000100001
81775000150000,499920000101010
81775000160006,499920000101010
81775000170001,499920000101010
81775000180007,499920000101010
81775003007004,817750000100001
81777000010000,499920000101010
81799000010001,499920000101010
81799000020007,499920000101010
81799000030002,817990000100001
81799000040008,499920000101010
81799000050003,499920000101010
81799000060009,817990000100002
81799000070004,817990000100003
81799000080000,817990000100004
81799000090005,817060000100001
81799000100000,499920000101010
81799000110006,499920000101010
81799000120001,499920000101010
81799000130007,817990000100004
81799000140002,499920000101010
81799000150008,499920000101010
81799000160003,817990000100020
81799000170009,499920000101010
81799000180004,499920000101010
81799000190000,817990000100020
81799001019002,817030000100001
81799001020000,817030000100001
81810100010008,499920000101010
81810100020003,499920000101010
81810100030009,499920000101010
81810210010002,499920000101010
81810220010005,499920000101010
81810230010008,499920000101010
81810250010003,818203000100001
81810260010006,499920000101010
81810270010009,499920000101010
81820000010003,499920000101010
81820000020009,499920000101010
81820000030004,499920000101010
81820000040000,499920000101010
81820200010007,499920000101010
81820300010009,499920000101010
81820400010000,499920000101010
81820500010002,499920000101010
81820900010000,499920000101010
81825100010006,499920000101010
81825100020001,499920000101010
81825200010008,499920000101010
81830050010004,499920000101010
81830050020000,499920000101010
81830050030005,499920000101010
81830050040000,499920000101010
81830300010006,499920000101010
81830300020001,499920000101010
81830300030007,819921600100001
81830300040002,819921600100001
81830300050008,499920000101010
81830300060003,819151000001001
81830300070009,499920000101010
81830300080004,499920000101010
81830300090000,499920000101010
81830301003003,499920000101010
81830301004000,499920000101010
81830301005006,499920000101010
81830301006002,499920000101010
81830301007009,499920000101010
81830301008005,499920000101010
81830301102001,499920000101010
81830301103008,499920000101010
81830301104004,499920000101010
81830301105000,499920000101010
81830301106007,499920000101010
81830301107003,499920000101010
81830301108000,499920000101010
81830302004003,499920000101010
81830302104008,499920000101010
81830400010008,499920000101010
81830400020003,499920000101010
81830400030009,499920000101010
81830400040004,499920000101010
81830400050000,499920000101010
81830400060005,499920000101010
81830600010001,499920000101010
81830600020007,499920000101010
81830600030002,819921800100001
81830600040008,499920000101010
81925000010000,819250000100001
81925000020006,499920000101010
81925000030001,499920000101010
81925000040007,499920000101010
81925000050002,499920000101010
81925000060008,499920000101010
81925000070003,499920000101010
81930000010007,819300000100001
81930000020002,499920000101010
81930000030008,499920000101010
81930000040003,499920000101010
81930000050009,499920000101010
81930000060004,499920000101010
81930000070000,499920000101010
81933000010001,819330000100001
81933000020007,499920000101010
81933000030002,499920000101010
81933000040008,499920000101010
81933000050003,499920000101010
81933000060009,499920000101010
81933000070004,499920000101010
81952100010000,499920000101010
81952100020005,499920000101010
81952100030000,499920000101010
81952100040006,499920000101010
81952100050001,499920000101010
81952100060007,499920000101010
81952100070002,499920000101010
81952100080008,499920000101010
81952102004007,499920000101010
81952102104001,499920000101010
81952200010001,499920000101010
81952200020007,499920000101010
81952200030002,499920000101010
81952200040008,499920000101010
81952200050003,499920000101010
81952200060009,499920000101010
81952300010003,499920000101010
81952300020009,499920000101010
81952300030004,499920000101010
81952300040000,499920000101010
81990100010002,499920000101010
81990100020008,499920000101010
81990200010004,499920000101010
81990300010006,499920000101010
81990900010007,499920000101010
81999000010004,499920000101010
81999000020000,499920000101010
81999000030005,499920000101010
81999000040000,499920000101010
81999000050006,499920000101010
81999000060001,499920000101010
81999000070007,499920000101010
81999000080002,499920000101010
81999000090008,499920000101010
81999000100003,499920000101010
81999000110009,499920000101010
81999000120004,499920000101010
81999000130000,499920000101010
81999000140005,499920000101010
81999000150000,499920000101010
81999000160006,499920000101010
81999000170001,499920000101010
81999000180007,499920000101010
81999000190002,499920000101010
81999000200008,499920000101010
81999000210003,499920000101010
81999000220009,499920000101010
81999000230004,499920000101010
81999000240000,499920000101010
81999000250005,499920000101010
81999000260000,499920000101010
81999000270006,499920000101010
81999000280001,499920000101010
81999000290007,499920000101010
81999000300002,499920000101010
81999000310008,499920000101010
81999000320003,499920000101010
81999000330009,819990000100001
81999000340004,819990000100002
81999000350000,819521000100001
81999000360005,819990000100001
81999000370000,499920000101010
81999000380006,499920000101010
81999002005008,499920000101010
81999002006004,499920000101010
81999002007000,499920000101010
81999002008007,499920000101010
81999005004002,499920000101010
83150000010001,499920000101010
83150000020007,499920000101010
83150000030002,499920000101010
83150000040008,499920000101010
83150000050003,499920000101010
83150002004009,499920000101010
83990100010003,499920000101010
83999000010005,499920000101010
83999000020000,499920000101010
83999000030006,499920000101010
83999000040001,499920000101010
83999000050007,499920000101010
83999000060002,499920000101010
83999000070008,499920000101010
83999000080003,499920000101010
83999000090009,839990000100001
83999002004002,499920000101010
89410100010006,894101000100001
89410200010008,499920000101010
89410200020003,894102000100001
89410200030009,499920000101010
89410200040004,894102000100002
89410200050000,499920000101010
89410200060005,499920000101010
89410200070000,499920000101010
89410200080006,499920000101010
89410200090001,499920000101010
89410200100007,499920000101010
89410300010000,499920000101010
89420100010003,894201000100001
89420200010005,499920000101010
89420200020000,894202000100001
89420200030006,499920000101010
89420200040001,894202000100002
89420200050007,499920000101010
89420200060002,499920000101010
89420200070008,499920000101010
89420200080003,499920000101010
89420200090009,499920000101010
89420200100004,499920000101010
89420300010007,499920000101010
89710100010005,499920000101010
89710200010007,897102000000001
90320000010000,904300000100002
90320000020006,904300000100002
90320000030001,904300000100002
90320000040007,904300000100002
90320000050002,904300000100002
90320000060008,904300000100002
90320000070003,904300000100002
90320000080009,904300000100002
90320000090004,904300000100002
90320000100000,904300000100002
90320000110005,904300000100002
90320000120000,904300000100002
90320000130006,904300000100002
90430000010004,904300000100002
90430000020000,904300000100002
90430000030005,904300000100002
90430000040000,904300000100002
90430000050006,904300000100002
90430000060001,904300000100002
90430000070007,904300000100002
90430000080002,904300000100002
90430000090008,904300000100002
90430000100003,904300000100002
90430000110009,904300000100002
90430000120004,904300000100002
90430000130000,904300000100002
90430000140005,904300000100002
90430000150000,904300000100002
90430000160006,904300000100002
90430000170001,904300000100002
90470000010003,904300000100002
90480000010000,904300000100002
90480000020006,904300000100002
90480000030001,904300000100002
90480000040007,904300000100002
90480000050002,904300000100002
90480000060008,904300000100002
90480000070003,904300000100002
90480000080009,904300000100002
90480000090004,904300000100002
90480000100000,904300000100002
90480000110005,904300000100002
90480000120000,904300000100002
90480000130006,904300000100002
90480000140001,904300000100002
90480000150007,904300000100002
90480000160002,904300000100002
90480000170008,904300000100002
90480000180003,904300000100002
90480000190009,904300000100002
90480000200004,904300000100002
90480000210000,904300000100002
90480000220005,904300000100002
90480000230000,904300000100002
90480000240006,904300000100002
90480000250001,904300000100002
90480000260007,904300000100002
90490000010008,904300000100002
90490000020003,904300000100002
90490000030009,904300000100002
90490000040004,904300000100002
90490000050000,904300000100002
90490000060005,904300000100002
90490000070000,904300000100002
90490000080006,904300000100002
90490000090001,904300000100002
90490000100007,904300000100002
90490000110002,904300000100002
90490000120008,904300000100002
90490000130003,904300000100002
90490000140009,904300000100002
90490000150004,904300000100002
90490000160000,904300000100002
90490000170005,904300000100002
90490000180000,904300000100002
90490000190006,904300000100002
90490000200001,904300000100002
90490000210007,904300000100002
90490000220002,904300000100002
90490000230008,904300000100002
90490000240003,904300000100002
90490000250009,904300000100002
90490000260004,904300000100002
90490000270000,904300000100002
90490000280005,904300000100002
90490000290000,904300000100002
90490000300006,904300000100002
90490000310001,904300000100002
90490000320007,904300000100002
90490000330002,904300000100002
90490000340008,904300000100002
90490000350003,904300000100002
90490000360009,904300000100002
90490000370004,904300000100002
90490000380000,904300000100002
90490000390005,904300000100002
90490000400000,904300000100002
90490000410006,904300000100002
90610000010002,904300000100002
90610000020008,904300000100002
90610000030003,904300000100002
90610000040009,904300000100002
90610000050004,904300000100002
90610000060000,904300000100002
90910000010001,904300000100002
90910000020007,904300000100002
90910000030002,904300000100002
90910000040008,904300000100002
90910000050003,904300000100002
90910000060009,904300000100002
90910000070004,904300000100002
90910000080000,904300000100002
90910000090005,904300000100002
90910000100000,904300000100002
90910000110006,904300000100002
90910000120001,904300000100002
90910000130007,904300000100002
90910000140002,904300000100002
90910000150008,904300000100002
90910000160003,904300000100002
90910000170009,904300000100002
90910000180004,904300000100002
90910000210000,904300000100002
90910000220006,904300000100002
90910001005001,904300000100002
90910001006008,904300000100002
90910001007004,904300000100002
90910001008000,904300000100002
90910001009007,904300000100002
90910001010005,904300000100002
90910002004009,904300000100002
90910002014004,904300000100002
90921000010007,904300000100002
90922000010005,904300000100002
90922000020000,904300000100002
90922000030006,904300000100002
90922000040001,904300000100002
90922000050007,904300000100002
90922000060002,904300000100002
90922000070008,904300000100002
90922000080003,904300000100002
90922000090009,904300000100002
90922000100004,904300000100002
90925000010000,904300000100002
90925000020005,904300000100002
90925000030000,904300000100002
90925000040006,904300000100002
90925000050001,904300000100002
90925000060007,904300000100002
90925000070002,904300000100002
90925000080008,904300000100002
90925000090003,904300000100002
90925000100009,904300000100002
90925000110004,904300000100002
90925000120000,904300000100002
90925000130005,904300000100002
90925000140000,904300000100002
90925000150006,904300000100002
90925000160001,904300000100002
90925000170007,904300000100002
90925000180002,904300000100002
90926000010008,904300000100002
90926000020003,904300000100002
90926000030009,904300000100002
90926000040004,904300000100002
90926000050000,904300000100002
90926000060005,904300000100002
90926000070000,904300000100002
90926000080006,904300000100002
90926000090001,904300000100002
90926000100007,904300000100002
90926000110002,904300000100002
90926000120008,904300000100002
90926000130003,904300000100002
90926000140009,904300000100002
90960100010000,904300000100002
90960100020005,904300000100002
90960100030000,904300000100002
90960100040006,904300000100002
90960100050001,904300000100002
90960100060007,904300000100002
90960100070002,904300000100002
90960100080008,904300000100002
90960100090003,904300000100002
90960100100009,904300000100002
90960101014009,904300000100002
90960150010003,904300000100002
90960150020009,904300000100002
90960150030004,904300000100002
90960150040000,904300000100002
90960150050005,904300000100002
90960150060000,904300000100002
90960150070006,904300000100002
90960150080001,904300000100002
90960150090007,904300000100002
90960150100002,904300000100002
90960150110008,904300000100002
90960150120003,904300000100002
90960150130009,904300000100002
90960150140004,904300000100002
90960150150000,904300000100002
90960150160005,904300000100002
90960150170000,904300000100002
90960150180006,904300000100002
90960151014002,904300000100002
90960151106004,904300000100002
90960200010001,904300000100002
90960200020007,904300000100002
90960200030002,904300000100002
90960200040008,904300000100002
90960200050003,904300000100002
90960200060009,904300000100002
90960200070004,904300000100002
90960200080000,904300000100002
90960200090005,904300000100002
90960200100000,904300000100002
90960201006008,904300000100002
90984000010005,904300000100002
90984000020000,904300000100002
90984000030006,904300000100002
90984000040001,904300000100002
90984000050007,904300000100002
90984000060002,904300000100002
90984000070008,904300000100002
90984000080003,904300000100002
90984000090009,904300000100002
90984000100004,904300000100002
90984000110000,904300000100002
90984000120005,904300000100002
90984000130000,904300000100002
90984000140006,904300000100002
90984000150001,904300000100002
90984000160007,904300000100002
90984000170002,904300000100002
90984000180008,904300000100002
90984000190003,904300000100002
90984000200009,904300000100002
90984000210004,904300000100002
90984000220000,904300000100002
90984000230005,904300000100002
90984000240000,904300000100002
90984000250006,904300000100002
90984000260001,904300000100002
90984000270007,904300000100002
90984000280002,904300000100002
90984000290008,904300000100002
90984000300003,904300000100002
90984000310009,904300000100002
90984000320004,904300000100002
90984000330000,904300000100002
90984000340005,904300000100002
90984000350000,904300000100002
90984000360006,904300000100002
90984000370001,904300000100002
90984000380007,904300000100002
90984000390002,904300000100002
90984000400008,904300000100002
90984000410003,904300000100002
90984000420009,904300000100002
90984000430004,904300000100002
90984000440000,904300000100002
90984000450005,904300000100002
90984000460000,904300000100002
90984000470006,904300000100002
90984000480001,904300000100002
90984000490007,904300000100002
90984000500002,904300000100002
90984000510008,904300000100002
90984000520003,904300000100002
90984000530009,904300000100002
90984000540004,904300000100002
90984000550000,904300000100002
90984000560005,904300000100002
90984000570000,904300000100002
90984000580006,904300000100002
90984000590001,904300000100002
90984000600007,904300000100002
90984000610002,904300000100002
90984000620008,904300000100002
90984000630003,904300000100002
90984000640009,904300000100002
90984000650004,904300000100002
90984000660000,904300000100002
90984000670005,904300000100002
90984000680000,904300000100002
90984000690006,904300000100002
90984000700001,904300000100002
90984000710007,904300000100002
90984000720002,904300000100002
90984000730008,904300000100002
90984000740003,904300000100002
90984000750009,904300000100002
90984000760004,904300000100002
90984000770000,904300000100002
90984000780005,904300000100002
90984000790000,904300000100002
90984000800006,904300000100002
90984000810001,904300000100002
90984000820007,904300000100002
90984000830002,904300000100002
90984000840008,904300000100002
90986000010001,904300000100002
90986000020007,904300000100002
90986000030002,904300000100002
90986000040008,904300000100002
90986000050003,904300000100002
90986000060009,904300000100002
90986000070004,904300000100002
90986000080000,904300000100002
90986000090005,904300000100002
90986000100000,904300000100002
90986000110006,904300000100002
90986000120001,904300000100002
90986000130007,904300000100002
90986000140002,904300000100002
90986000150008,904300000100002
90986000160003,904300000100002
90986001005001,904300000100002
90986001105006,904300000100002
91110000010006,904300000100002
91110000010022,904300000100002
91110000010030,904300000100002
91110000010049,904300000100002
91110000010065,904300000100002
91110000010073,904300000100002
91110000010081,904300000100002
91110000010090,904300000100002
91110000010103,904300000100002
91110000010111,904300000100002
91110000010120,904300000100002
91110000010138,904300000100002
91110000010146,904300000100002
91110000010154,904300000100002
91110000010162,904300000100002
91110000010170,904300000100002
91110000020001,904300000100002
91110000030007,904300000100002
91110000040002,904300000100002
91110000050008,904300000100002
91110000060003,904300000100002
91110000070009,904300000100002
91110000080004,904300000100002
91110000090000,904300000100002
91110000100005,904300000100002
91110000100501,904300000100002
91110000103004,904300000100002
91110000104000,904300000100002
91110000105007,904300000100002
91110000106003,904300000100002
91110000107000,904300000100002
91110000108006,904300000100002
91110000110000,904300000100002
91110000114006,904300000100002
91110000120006,904300000100002
91110000130001,904300000100002
91110000140007,904300000100002
91110000150002,904300000100002
91110000160008,904300000100002
91110000170003,904300000100002
91110000180009,904300000100002
91110000190004,904300000100002
91110000200000,904300000100002
91110000210005,904300000100002
91110000220000,904300000100002
91110000230006,904300000100002
91110000240001,904300000100002
91110000250007,904300000100002
91110000260002,904300000100002
91110000270008,904300000100002
91110000280003,904300000100002
91110000290009,904300000100002
91110000300004,904300000100002
91110000303003,904300000100002
91110000304000,904300000100002
91110000305006,904300000100002
91110000306002,904300000100002
91110000307009,904300000100002
91110000308005,904300000100002
91110000310000,904300000100002
91110000314005,904300000100002
91110000320005,904300000100002
91110000330000,904300000100002
91110000340006,904300000100002
91110000350001,904300000100002
91110000360007,904300000100002
91110000370002,904300000100002
91110000380008,904300000100002
91110000390003,904300000100002
91110000400009,904300000100002
91110000410004,904300000100002
91110000420000,904300000100002
91110000430005,904300000100002
91110000440000,904300000100002
91110000450006,904300000100002
91110000460001,904300000100002
91110000470007,904300000100002
91110000480002,904300000100002
91110000490008,904300000100002
91110000500003,904300000100002
91110000510009,904300000100002
91110000520004,904300000100002
91110000530000,904300000100002
91110000540005,904300000100002
91110000550000,904300000100002
91110000560006,904300000100002
91110000570001,904300000100002
91110000580007,904300000100002
91110000590002,904300000100002
91110000600008,904300000100002
91110000610003,904300000100002
91110000620009,904300000100002
91110000630004,904300000100002
91110000640000,904300000100002
91110000650005,904300000100002
91110000660000,904300000100002
91110000670006,904300000100002
91110000680001,904300000100002
91110000690007,904300000100002
91110000700002,904300000100002
91110000710008,904300000100002
91110000720003,904300000100002
91110000730009,904300000100002
91110000740004,904300000100002
91110000750000,904300000100002
91110000760005,904300000100002
91110000770000,904300000100002
91110000780006,904300000100002
91110000790001,904300000100002
91110000800007,904300000100002
91110000810002,904300000100002
91110000820008,904300000100002
91110000830003,904300000100002
91110000840009,904300000100002
91110000850004,904300000100002
91110000860000,904300000100002
91110000870005,904300000100002
91110000880000,904300000100002
91110000890006,904300000100002
91110000900001,904300000100002
91110000910007,904300000100002
91110000920002,904300000100002
91110000930008,904300000100002
91110000940003,904300000100002
91110000950009,904300000100002
91110000960004,904300000100002
91110000970000,904300000100002
91110000980005,904300000100002
91110000990000,904300000100002
91110001000004,904300000100002
91110001010000,904300000100002
91110001020005,904300000100002
91110001030000,904300000100002
91110001040006,904300000100002
91110001050001,904300000100002
91110001060007,904300000100002
91110001070002,904300000100002
91110001080008,904300000100002
91110001090003,904300000100002
91110001100009,904300000100002
91110001103008,904300000100002
91110001104004,904300000100002
91110001105000,904300000100002
91110001106007,904300000100002
91110001107003,904300000100002
91110001108000,904300000100002
91110001110004,904300000100002
91110001114000,904300000100002
91110001120000,904300000100002
91110001130005,904300000100002
91110001140000,904300000100002
91110001150006,904300000100002
91110001160001,904300000100002
91110001170007,904300000100002
91110001180002,904300000100002
91110001190008,904300000100002
91110001200003,904300000100002
91110001203002,904300000100002
91110001204009,904300000100002
91110001205005,904300000100002
91110001206001,904300000100002
91110001207008,904300000100002
91110001208004,904300000100002
91110001210009,904300000100002
91110001214004,904300000100002
91110001220004,904300000100002
91110001230000,904300000100002
91110001240005,904300000100002
91110001250000,904300000100002
91110001260006,904300000100002
91110001270001,904300000100002
91110001280007,904300000100002
91110001290002,904300000100002
91110001300008,904300000100002
91110001310003,904300000100002
91110001320009,904300000100002
91110001330004,904300000100002
91110001340000,904300000100002
91110001350005,904300000100002
91110001360000,904300000100002
91110001370006,904300000100002
91110001380001,904300000100002
91110001390007,904300000100002
91110001400002,904300000100002
91110001410008,904300000100002
91110001420003,904300000100002
91110001430009,904300000100002
91110001440004,904300000100002
91110002103001,904300000100002
91110002104008,904300000100002
91110002105004,904300000100002
91110002106000,904300000100002
91110002107007,904300000100002
91110002108003,904300000100002
91110002114003,904300000100002
91110002203006,904300000100002
91110002204002,904300000100002
91110002205009,904300000100002
91110002206005,904300000100002
91110002207001,904300000100002
91110002208008,904300000100002
91110002214008,904300000100002
91110003103005,904300000100002
91110003104001,904300000100002
91110003105008,904300000100002
91110003106004,904300000100002
91110003107000,904300000100002
91110003108007,904300000100002
91110003114007,904300000100002
91110003203000,904300000100002
91110003204006,904300000100002
91110003205002,904300000100002
91110003206009,904300000100002
91110003207005,904300000100002
91110003208001,904300000100002
91110003214001,904300000100002
91110004103009,904300000100002
91110004104005,904300000100002
91110004105001,904300000100002
91110004106008,904300000100002
91110004107004,904300000100002
91110004108000,904300000100002
91110004114000,904300000100002
91110004203003,904300000100002
91110004204000,904300000100002
91110004205006,904300000100002
91110004206002,904300000100002
91110004207009,904300000100002
91110004208005,904300000100002
91110004214005,904300000100002
91110005103002,904300000100002
91110005104009,904300000100002
91110005105005,904300000100002
91110005106001,904300000100002
91110005107008,904300000100002
91110005108004,904300000100002
91110005114004,904300000100002
91110005203007,904300000100002
91110005204003,904300000100002
91110005205000,904300000100002
91110005206006,904300000100002
91110005207002,904300000100002
91110005208009,904300000100002
91110005214009,904300000100002
91110006103006,904300000100002
91110006104002,904300000100002
91110006105009,904300000100002
91110006106005,904300000100002
91110006107001,904300000100002
91110006108008,904300000100002
91110006114008,904300000100002
91110006203000,904300000100002
91110006204007,904300000100002
91110006205003,904300000100002
91110006206000,904300000100002
91110006207006,904300000100002
91110006208002,904300000100002
91110006214002,904300000100002
91110007103000,904300000100002
91110007104006,904300000100002
91110007105002,904300000100002
91110007106009,904300000100002
91110007107005,904300000100002
91110007108001,904300000100002
91110007114001,904300000100002
91110007203004,904300000100002
91110007204000,904300000100002
91110007205007,904300000100002
91110007206003,904300000100002
91110007207000,904300000100002
91110007208006,904300000100002
91110007214006,904300000100002
